<annotation>
	<folder>living room object detection</folder>
	<filename>02f715f6600a314efd6a2862b584839c.jpg</filename>
	<path>C:\Users\Reem Hassan\Desktop\deeplearning\object detection course\living room object detection\02f715f6600a314efd6a2862b584839c.jpg</path>
	<source>
		<database>Unknown</database>
	</source>
	<size>
		<width>736</width>
		<height>729</height>
		<depth>3</depth>
	</size>
	<segmented>0</segmented>
	<object>
		<name>Picture</name>
		<pose>Unspecified</pose>
		<truncated>0</truncated>
		<difficult>0</difficult>
		<bndbox>
			<xmin>356</xmin>
			<ymin>252</ymin>
			<xmax>498</xmax>
			<ymax>442</ymax>
		</bndbox>
	</object>
	<object>
		<name>Sofa</name>
		<pose>Unspecified</pose>
		<truncated>0</truncated>
		<difficult>0</difficult>
		<bndbox>
			<xmin>33</xmin>
			<ymin>465</ymin>
			<xmax>697</xmax>
			<ymax>594</ymax>
		</bndbox>
	</object>
</annotation>
