<annotation>
	<folder>living room object detection</folder>
	<filename>0a8774d8e9fda8eb5094104a5b4ac4de.jpg</filename>
	<path>C:\Users\Reem Hassan\Desktop\deeplearning\object detection course\living room object detection\0a8774d8e9fda8eb5094104a5b4ac4de.jpg</path>
	<source>
		<database>Unknown</database>
	</source>
	<size>
		<width>736</width>
		<height>919</height>
		<depth>3</depth>
	</size>
	<segmented>0</segmented>
	<object>
		<name>Picture</name>
		<pose>Unspecified</pose>
		<truncated>0</truncated>
		<difficult>0</difficult>
		<bndbox>
			<xmin>103</xmin>
			<ymin>185</ymin>
			<xmax>464</xmax>
			<ymax>439</ymax>
		</bndbox>
	</object>
	<object>
		<name>Sofa</name>
		<pose>Unspecified</pose>
		<truncated>0</truncated>
		<difficult>0</difficult>
		<bndbox>
			<xmin>97</xmin>
			<ymin>481</ymin>
			<xmax>588</xmax>
			<ymax>732</ymax>
		</bndbox>
	</object>
</annotation>
