<annotation>
	<folder>living room object detection</folder>
	<filename>26a6b55985e263cce8bc32e06341fc6f.jpg</filename>
	<path>C:\Users\Reem Hassan\Desktop\deeplearning\object detection course\living room object detection\26a6b55985e263cce8bc32e06341fc6f.jpg</path>
	<source>
		<database>Unknown</database>
	</source>
	<size>
		<width>320</width>
		<height>320</height>
		<depth>3</depth>
	</size>
	<segmented>0</segmented>
	<object>
		<name>Picture</name>
		<pose>Unspecified</pose>
		<truncated>0</truncated>
		<difficult>0</difficult>
		<bndbox>
			<xmin>118</xmin>
			<ymin>6</ymin>
			<xmax>166</xmax>
			<ymax>60</ymax>
		</bndbox>
	</object>
	<object>
		<name>Sofa</name>
		<pose>Unspecified</pose>
		<truncated>0</truncated>
		<difficult>0</difficult>
		<bndbox>
			<xmin>10</xmin>
			<ymin>105</ymin>
			<xmax>308</xmax>
			<ymax>197</ymax>
		</bndbox>
	</object>
</annotation>
