<annotation>
	<folder>living room object detection</folder>
	<filename>2ae451ba85d73b21d6172f074623efa7.jpg</filename>
	<path>C:\Users\Reem Hassan\Desktop\deeplearning\object detection course\living room object detection\2ae451ba85d73b21d6172f074623efa7.jpg</path>
	<source>
		<database>Unknown</database>
	</source>
	<size>
		<width>736</width>
		<height>736</height>
		<depth>3</depth>
	</size>
	<segmented>0</segmented>
	<object>
		<name>Sofa</name>
		<pose>Unspecified</pose>
		<truncated>0</truncated>
		<difficult>0</difficult>
		<bndbox>
			<xmin>153</xmin>
			<ymin>286</ymin>
			<xmax>729</xmax>
			<ymax>483</ymax>
		</bndbox>
	</object>
	<object>
		<name>Picture</name>
		<pose>Unspecified</pose>
		<truncated>0</truncated>
		<difficult>0</difficult>
		<bndbox>
			<xmin>319</xmin>
			<ymin>82</ymin>
			<xmax>415</xmax>
			<ymax>265</ymax>
		</bndbox>
	</object>
</annotation>
