<annotation>
	<folder>living room object detection</folder>
	<filename>3ed440b8b8c90c1a3f52181c0b191306.jpg</filename>
	<path>C:\Users\Reem Hassan\Desktop\deeplearning\object detection course\living room object detection\3ed440b8b8c90c1a3f52181c0b191306.jpg</path>
	<source>
		<database>Unknown</database>
	</source>
	<size>
		<width>564</width>
		<height>564</height>
		<depth>3</depth>
	</size>
	<segmented>0</segmented>
	<object>
		<name>Sofa</name>
		<pose>Unspecified</pose>
		<truncated>0</truncated>
		<difficult>0</difficult>
		<bndbox>
			<xmin>68</xmin>
			<ymin>297</ymin>
			<xmax>514</xmax>
			<ymax>432</ymax>
		</bndbox>
	</object>
</annotation>
