<annotation>
	<folder>living room object detection</folder>
	<filename>51c35509b849388d5bcdfec26953a7f5.jpg</filename>
	<path>C:\Users\Reem Hassan\Desktop\deeplearning\object detection course\living room object detection\51c35509b849388d5bcdfec26953a7f5.jpg</path>
	<source>
		<database>Unknown</database>
	</source>
	<size>
		<width>736</width>
		<height>773</height>
		<depth>3</depth>
	</size>
	<segmented>0</segmented>
	<object>
		<name>Sofa</name>
		<pose>Unspecified</pose>
		<truncated>0</truncated>
		<difficult>0</difficult>
		<bndbox>
			<xmin>168</xmin>
			<ymin>429</ymin>
			<xmax>634</xmax>
			<ymax>596</ymax>
		</bndbox>
	</object>
	<object>
		<name>Picture</name>
		<pose>Unspecified</pose>
		<truncated>0</truncated>
		<difficult>0</difficult>
		<bndbox>
			<xmin>258</xmin>
			<ymin>216</ymin>
			<xmax>443</xmax>
			<ymax>396</ymax>
		</bndbox>
	</object>
</annotation>
