<annotation>
	<folder>living room object detection</folder>
	<filename>52fbd2f49499df2bc33ba0d3b7892ac2.jpg</filename>
	<path>C:\Users\Reem Hassan\Desktop\deeplearning\object detection course\living room object detection\52fbd2f49499df2bc33ba0d3b7892ac2.jpg</path>
	<source>
		<database>Unknown</database>
	</source>
	<size>
		<width>735</width>
		<height>693</height>
		<depth>3</depth>
	</size>
	<segmented>0</segmented>
	<object>
		<name>Sofa</name>
		<pose>Unspecified</pose>
		<truncated>0</truncated>
		<difficult>0</difficult>
		<bndbox>
			<xmin>76</xmin>
			<ymin>442</ymin>
			<xmax>682</xmax>
			<ymax>572</ymax>
		</bndbox>
	</object>
	<object>
		<name>Picture</name>
		<pose>Unspecified</pose>
		<truncated>0</truncated>
		<difficult>0</difficult>
		<bndbox>
			<xmin>274</xmin>
			<ymin>215</ymin>
			<xmax>461</xmax>
			<ymax>403</ymax>
		</bndbox>
	</object>
</annotation>
