<annotation>
	<folder>living room object detection</folder>
	<filename>6fd95d6c0f0d04b2f6353a7d62f5df70.jpg</filename>
	<path>C:\Users\Reem Hassan\Desktop\deeplearning\object detection course\living room object detection\6fd95d6c0f0d04b2f6353a7d62f5df70.jpg</path>
	<source>
		<database>Unknown</database>
	</source>
	<size>
		<width>400</width>
		<height>391</height>
		<depth>3</depth>
	</size>
	<segmented>0</segmented>
	<object>
		<name>Picture</name>
		<pose>Unspecified</pose>
		<truncated>0</truncated>
		<difficult>0</difficult>
		<bndbox>
			<xmin>229</xmin>
			<ymin>24</ymin>
			<xmax>357</xmax>
			<ymax>143</ymax>
		</bndbox>
	</object>
	<object>
		<name>Sofa</name>
		<pose>Unspecified</pose>
		<truncated>0</truncated>
		<difficult>0</difficult>
		<bndbox>
			<xmin>124</xmin>
			<ymin>141</ymin>
			<xmax>381</xmax>
			<ymax>245</ymax>
		</bndbox>
	</object>
</annotation>
