<annotation>
	<folder>living room object detection</folder>
	<filename>8a98ff6193782a7f6dc66ce61857a5a0.jpg</filename>
	<path>C:\Users\Reem Hassan\Desktop\deeplearning\object detection course\living room object detection\8a98ff6193782a7f6dc66ce61857a5a0.jpg</path>
	<source>
		<database>Unknown</database>
	</source>
	<size>
		<width>736</width>
		<height>728</height>
		<depth>3</depth>
	</size>
	<segmented>0</segmented>
	<object>
		<name>Sofa</name>
		<pose>Unspecified</pose>
		<truncated>0</truncated>
		<difficult>0</difficult>
		<bndbox>
			<xmin>12</xmin>
			<ymin>422</ymin>
			<xmax>598</xmax>
			<ymax>632</ymax>
		</bndbox>
	</object>
	<object>
		<name>Picture</name>
		<pose>Unspecified</pose>
		<truncated>0</truncated>
		<difficult>0</difficult>
		<bndbox>
			<xmin>148</xmin>
			<ymin>137</ymin>
			<xmax>434</xmax>
			<ymax>408</ymax>
		</bndbox>
	</object>
</annotation>
