<annotation>
	<folder>living room object detection</folder>
	<filename>8c52d7b9caafedfb6a138872e82a3ad2.jpg</filename>
	<path>C:\Users\Reem Hassan\Desktop\deeplearning\object detection course\living room object detection\8c52d7b9caafedfb6a138872e82a3ad2.jpg</path>
	<source>
		<database>Unknown</database>
	</source>
	<size>
		<width>736</width>
		<height>1117</height>
		<depth>3</depth>
	</size>
	<segmented>0</segmented>
	<object>
		<name>Sofa</name>
		<pose>Unspecified</pose>
		<truncated>0</truncated>
		<difficult>0</difficult>
		<bndbox>
			<xmin>28</xmin>
			<ymin>494</ymin>
			<xmax>726</xmax>
			<ymax>801</ymax>
		</bndbox>
	</object>
	<object>
		<name>Picture</name>
		<pose>Unspecified</pose>
		<truncated>0</truncated>
		<difficult>0</difficult>
		<bndbox>
			<xmin>241</xmin>
			<ymin>196</ymin>
			<xmax>433</xmax>
			<ymax>471</ymax>
		</bndbox>
	</object>
	<object>
		<name>Picture</name>
		<pose>Unspecified</pose>
		<truncated>0</truncated>
		<difficult>0</difficult>
		<bndbox>
			<xmin>443</xmin>
			<ymin>147</ymin>
			<xmax>709</xmax>
			<ymax>489</ymax>
		</bndbox>
	</object>
</annotation>
